{"cameraMode":{"drawMode":0,"name":"Shaded","section":"Shading Mode"},"sceneLighting":false,"audioPlay":false,"sceneViewState":{"m_AlwaysRefresh":false,"showFog":true,"showSkybox":false,"showFlares":true,"showImageEffects":true,"showParticleSystems":true,"showVisualEffectGraphs":true,"m_FxEnabled":true},"in2DMode":false,"pivot":{"x":-0.003513932228088379,"y":0.14034241437911988,"z":0.004859209060668945},"rotation":{"x":-0.009859464131295681,"y":0.9881986379623413,"z":-0.13453489542007447,"w":-0.07246693968772888},"size":1.347805142402649,"orthographic":false}